Item ID, Project ID, Item Name
100P0107,Proj_US,20-30 KVA 300-350 C FRAME HAWKINS
100P0108,Proj_US,CYL. MTG. PLATE
100P0109,Proj_US,PROFILE PLATE - RHS
100P0110,Proj_US,PROFILE PLATE - LHS
100P0111,Proj_US,FRONT PLATE
100P0112,Proj_US,SLIDE MTG. PLATE
100P0113,Proj_US,MS ANGLE
100P0114,Proj_US,P.T. MTG. ANGLE
100P0115,Proj_US,P.T. PLATE MTG. ANGLE
100P0116,Proj_US,P.T. MTG. PLATE
100P0117,Proj_US,BRIGHT FLAT
100P0118,Proj_US,RIB - 2
100P0119,Proj_US,RIB - 1
100P0120,Proj_US,BASE PLATE
100P0121,Proj_US,ANVIL 140 MM
100P0122,Proj_US,VERTICAL RIB
100P0123,Proj_US,SUPPORT PLATE
100P0124,Proj_US,BOTTOM BACKLITE 140 MM ANVIL
100P0125,Proj_US,SPACER BAKELITE
100P0126,Proj_US,FRONT BAKELITE-BOTTOM
100P0127,Proj_US,FRONT BAKELITE-TOP
Item ID, Project ID, Item Name
100P0128,Proj_US,20-30 KVA 300-350 C FRAME HAWKINS
100P0129,Proj_US,CYL. MTG. PLATE
100P0130,Proj_US,PROFILE PLATE - RHS
100P0131,Proj_US,PROFILE PLATE - LHS
100P0132,Proj_US,FRONT PLATE
100P0133,Proj_US,SLIDE MTG. PLATE
100P0134,Proj_US,MS ANGLE
100P0135,Proj_US,P.T. MTG. ANGLE
100P0136,Proj_US,P.T. PLATE MTG. ANGLE
100P0137,Proj_US,P.T. MTG. PLATE
100P0138,Proj_US,BRIGHT FLAT
100P0139,Proj_US,RIB - 2
100P0140,Proj_US,RIB - 1
100P0141,Proj_US,BASE PLATE
100P0142,Proj_US,ANVIL 140 MM
100P0143,Proj_US,VERTICAL RIB
100P0144,Proj_US,SUPPORT PLATE
100P0145,Proj_US,BOTTOM BACKLITE 140 MM ANVIL
100P0146,Proj_US,SPACER BAKELITE
100P0147,Proj_US,FRONT BAKELITE-BOTTOM
100P0148,Proj_US,FRONT BAKELITE-TOP
Item ID, Project ID, Item Name
100P0149,Proj_US,20-30 KVA 300-350 C FRAME HAWKINS
100P0150,Proj_US,CYL. MTG. PLATE
100P0151,Proj_US,PROFILE PLATE - RHS
100P0152,Proj_US,PROFILE PLATE - LHS
100P0153,Proj_US,FRONT PLATE
100P0154,Proj_US,SLIDE MTG. PLATE
100P0155,Proj_US,MS ANGLE
100P0156,Proj_US,P.T. MTG. ANGLE
100P0157,Proj_US,P.T. PLATE MTG. ANGLE
100P0158,Proj_US,P.T. MTG. PLATE
100P0159,Proj_US,BRIGHT FLAT
100P0160,Proj_US,RIB - 2
100P0161,Proj_US,RIB - 1
100P0162,Proj_US,BASE PLATE
100P0163,Proj_US,ANVIL 140 MM
100P0164,Proj_US,VERTICAL RIB
100P0165,Proj_US,SUPPORT PLATE
100P0166,Proj_US,BOTTOM BACKLITE 140 MM ANVIL
100P0167,Proj_US,SPACER BAKELITE
100P0168,Proj_US,FRONT BAKELITE-BOTTOM
100P0169,Proj_US,FRONT BAKELITE-TOP
Item ID, Project ID, Item Name
100P0181,Proj_US,20-30 KVA 300-350 C FRAME HAWKINS
100P0182,Proj_US,CYL. MTG. PLATE
100P0183,Proj_US,PROFILE PLATE - RHS
100P0184,Proj_US,PROFILE PLATE - LHS
100P0185,Proj_US,FRONT PLATE
100P0186,Proj_US,SLIDE MTG. PLATE
100P0187,Proj_US,MS ANGLE
100P0188,Proj_US,P.T. MTG. ANGLE
100P0189,Proj_US,P.T. PLATE MTG. ANGLE
100P0190,Proj_US,P.T. MTG. PLATE
100P0191,Proj_US,BRIGHT FLAT
100P0192,Proj_US,RIB - 2
100P0193,Proj_IN,RIB - 1
100P0194,Proj_IN,BASE PLATE
100P0195,Proj_IN,ANVIL 140 MM
100P0196,Proj_IN,VERTICAL RIB
100P0197,Proj_IN,SUPPORT PLATE
100P0198,Proj_IN,BOTTOM BACKLITE 140 MM ANVIL
100P0199,Proj_IN,SPACER BAKELITE
100P0200,Proj_IN,FRONT BAKELITE-BOTTOM
100P0201,Proj_IN,FRONT BAKELITE-TOP
Item ID, Project ID, Item Name
100P0204,Proj_US,20-30 KVA 300-350 C FRAME HAWKINS
100P0205,Proj_US,CYL. MTG. PLATE
100P0206,Proj_US,PROFILE PLATE - RHS
100P0207,Proj_US,PROFILE PLATE - LHS
100P0208,Proj_US,FRONT PLATE
100P0209,Proj_US,SLIDE MTG. PLATE
100P0210,Proj_US,MS ANGLE
100P0211,Proj_US,P.T. MTG. ANGLE
100P0212,Proj_US,P.T. PLATE MTG. ANGLE
100P0213,Proj_US,P.T. MTG. PLATE
100P0214,Proj_US,BRIGHT FLAT
100P0215,Proj_US,RIB - 2
100P0216,Proj_IN,RIB - 1
100P0217,Proj_IN,BASE PLATE
100P0218,Proj_IN,ANVIL 140 MM
100P0219,Proj_IN,VERTICAL RIB
100P0220,Proj_IN,SUPPORT PLATE
100P0221,Proj_IN,BOTTOM BACKLITE 140 MM ANVIL
100P0222,Proj_IN,SPACER BAKELITE
100P0223,Proj_IN,FRONT BAKELITE-BOTTOM
100P0224,Proj_IN,FRONT BAKELITE-TOP
100P0225,Proj_IN,CYL DIA. 32 X 30
100P0226,Proj_IN,CYL DIA. 100 X 50
100P0227,Proj_IN,EYE ROD
100P0228,Proj_IN,MOUNTING KIT MD 1032
100P0229,Proj_IN,CONNECTOR AR 016
100P0230,Proj_IN,CONNECTOR AR 010
100P0231,Proj_IN,FLOW CONTROL VALVE
100P0232,Proj_IN,DIRECTION CONTROL VALVE
100P0233,Proj_IN,PUSH IN FITTING
100P0234,Proj_IN,REGULATOR
100P0235,Proj_IN,T CONNECTOR
100P0236,Proj_IN,FLOW CONTROL VALVE
100P0237,Proj_IN,DIRECTION CONTROL VALVE
100P0238,Proj_IN,ELBOW
100P0239,Proj_IN,REGULATOR
100P0240,Proj_IN,FILTER
100P0241,Proj_IN,PRESSURE GUAGE
100P0242,Proj_IN,REGULATOR MTG BKT
100P0243,Proj_IN,SILENCER
100P0244,Proj_IN,SILENCER
100P0245,Proj_IN,READSWITCHES FOR 100
100P0246,Proj_IN,T 08-08-2008
100P0247,Proj_IN,LUBRICATOR
100P0248,Proj_US,"READ SWITCHES-3 WIRE P-N-P
100P0249,Proj_IN,MTG BKT FOR F&L
100P0250,Proj_IN,SHOCK ABSORBER
100P0251,Proj_US,CYL. MTG. PLATE
100P0252,Proj_US,PROFILE PLATE RHS
100P0253,Proj_US,PROFILE PLATE LHS
100P0254,Proj_US,BASE PLATE
100P0255,Proj_US,FRONT PLATE
100P0256,Proj_US,SLIDE MTG. PLATE
100P0257,Proj_US,MS ANGLE
100P0258,Proj_US,PT MTG. FLAT
100P0259,Proj_US,BODY FOR SLIDE ASSLY
100P0260,Proj_US,GUIDE
100P0261,Proj_US,RAMBOID-325.par
100P0262,Proj_US,GUIDE COVER
100P0263,Proj_US,ALLEN BOLT - M8 x 50 L
100P0264,Proj_US,WASHER M6
100P0265,Proj_US,Allen M6X12
100P0266,Proj_US,WASHER M10
100P0267,Proj_US,ALLEN M10X50
100P0268,Proj_US,ALLEN BOLT - M8 x 25 L
100P0269,Proj_US,DIESET - BOTTOM PLATE
100P0270,Proj_US,DIESET - PILLAR
100P0271,Proj_US,DIESET - SPRING GUIDE
100P0272,Proj_US,DIESET - STOPPER
100P0273,Proj_US,DIESET - FIBROFLEX
100P0274,Proj_US,DIESET TOP PLATE
100P0275,Proj_US,DIESET - BUSH
100P0276,Proj_US,DIESET - CAP
100P0277,Proj_US,DIESET - BELOW
100P0278,Proj_US,WASHER M10
100P0279,Proj_US,HEX BOLT M10X25
100P0280,Proj_US,INSULATING BUSH
100P0281,Proj_US,WASHER M8
100P0282,Proj_US,ALLEN M8X50
100P0283,Proj_US,ALLEN M8X30
100P0284,Proj_US,BALL CAGE DIA 31-25 X 40
100P0285,Proj_US,CIRCLIP - EXTERNAL
100P0286,Proj_US,DIESET - BACKELIT
100P0287,Proj_US,SENSOR DOG MNTG BKT
100P0288,Proj_US,WASHER M12
100P0289,Proj_US,SENSOR DOG MNTG
100P0290,Proj_US,HEX. NUT M12
100P0291,Proj_US,SENSOR DOG
100P0292,Proj_US,ALLEN GRUB SCREW M8X12
100P0293,Proj_US,WASHER M6
100P0294,Proj_US,ALLEN M5X35
100P0295,Proj_US,SENSOR BKT
100P0296,Proj_US,BASE PLATE
100P0297,Proj_US,CYL. MTG BRACKET
100P0298,Proj_US,BAKELITE-LM BLOCK
100P0299,Proj_US,MOVING ELECT MTG BLOCK
100P0300,Proj_US,BAKELITE-COUPLAR END
100P0301,Proj_US,COUPLER END
100P0302,Proj_US,INSULATING BUSH-M8
100P0303,Proj_US,KEY
100P0304,Proj_US,FIXED BOTTOM ELECT MTG
100P0305,Proj_US,INSULATING BUSH-M6
100P0306,Proj_US,SPACER
100P0307,Proj_US,BAKELITE-FIXED ELECTRODE
100P0308,Proj_US,FIXED ELECT MTG BLOCK
100P0309,Proj_US,STOPPER_BRACKET
100P0310,Proj_US,STOPPER LEAD SCREW
100P0311,Proj_US,SENSOR BKT
100P0312,Proj_IN,SENSOR STRIP
100P0313,Proj_US,BOTTOM ELECTRODE
100P0314,Proj_IN,BAND COND SUPPORT- LH
100P0315,Proj_IN,Base Plate Support-RH
100P0316,Proj_US,CU BLOCK
100P0317,Proj_US,JANATICS CYL. DIA 100 X 50
100P0318,Proj_US,JANATICS-ROD END  M16 X  1.5
100P0319,Proj_IN,HIWIN BLOCK-HG 30
100P0320,Proj_IN,HIWIN RAIL
100P0321,Proj_IN,ALLEN BOLT  M10x35
100P0322,Proj_IN,Countersunk Screw - M6x8
100P0323,Proj_IN,ALLEN BOLT  M8x35
100P0324,Proj_IN,ALLEN BOLT  M8x25
100P0325,Proj_IN,ALLEN BOLT M8x30
100P0326,Proj_IN,ALLEN BOLT M6x35
100P0327,Proj_IN,ALLEN BOLT M8x20
100P0328,Proj_IN,SHAFT
100P0329,Proj_IN,BLOCK
100P0330,Proj_IN,TEE BLOCK
100P0331,Proj_IN,BLOCK-1
100P0332,Proj_IN,VER PLATE-RHS
100P0333,Proj_IN,VER PLATE-LHS
100P0334,Proj_IN,HOR PLATE
100P0335,Proj_IN,TEE BLOCK MTG PLATE
100P0336,Proj_IN,LOCK NUT
100P0337,Proj_IN,PIVOT BRACKET
100P0338,Proj_IN,STOPPER BLOCK
100P0339,Proj_IN,INSULATION BUSH
100P0340,Proj_IN,BOX NUT
100P0341,Proj_IN,LEAD SCREW
100P0342,Proj_IN,CYL CONNECTOR
100P0343,Proj_IN,LOCK PIN
100P0344,Proj_IN,SWING COVER
100P0345,Proj_IN,BEARING CAP
100P0346,Proj_IN,STOPPER LEAD SCREW
100P0347,Proj_IN,LOCKING WASHER
100P0348,Proj_IN,LOCK NUT FOR LEAD SCREW
100P0349,Proj_IN,STOPPER LHS
100P0350,Proj_IN,STOPPER RHS
100P0351,Proj_IN,FK-M10x1.25 CONNECTOR ASSLY
100P0352,Proj_IN,EXTERNAL CIRCLIP A10 3075-1965
100P0353,Proj_IN,Connector A63 032 030 O-M
100P0354,Proj_IN,SHOCK ABSORBER
100P0355,Proj_IN,SILENCER 1/8
100P0356,Proj_IN,DCV 14 DS255SR61
100P0357,Proj_IN,FCV 1.8-8 GR5105008
100P0358,Proj_IN,HIWIN BLOCK-HG 30
100P0359,Proj_IN,HIWIN RAIL-HG 30
100P0360,Proj_IN,INSULATING BUSH M6
100P0361,Proj_IN,JANATICS CYL. DIA 32X 30 ASSLY
100P0362,Proj_IN,REGULATOR 1-4 R13614
100P0363,Proj_IN,REGULATOR MTG BKT-1.4
100P0364,Proj_IN,PUSH IN FITTING1/4-8
100P0365,Proj_IN,ELBOW 1/4-8
100P0366,Proj_IN,Washer ISO 7089 - 6
100P0367,Proj_IN,ALLEN BOLT M6x35
100P0368,Proj_IN,ALLEN BOLT - M6x12
100P0369,Proj_IN,ALLEN BOLT M6x25
100P0370,Proj_US,ALLEN BOLT M6x30
100P0371,Proj_US,ALLEN BOLT M8x20
100P0372,Proj_US,ALLEN BOLT M8x30
100P0373,Proj_US,ALLEN BOLT- M8x45
100P0374,Proj_US,ALLEN BOLT  M8x25
100P0375,Proj_US,ALLEN BOLT- M16x25
100P0376,Proj_US,ALLEN BOLT- M5x10
100P0377,Proj_US,ALLEN BOLT - M4x25
Item ID, Project ID, Item Name
100P0378,Proj_US,20-30 KVA 300-350 C FRAME HAWKINS
100P0379,Proj_US,CYL. MTG. PLATE
100P0380,Proj_US,PROFILE PLATE - RHS
100P0381,Proj_US,PROFILE PLATE - LHS
100P0382,Proj_US,FRONT PLATE
100P0383,Proj_US,SLIDE MTG. PLATE
100P0384,Proj_US,MS ANGLE
100P0385,Proj_US,P.T. MTG. ANGLE
100P0386,Proj_US,P.T. PLATE MTG. ANGLE
100P0387,Proj_US,P.T. MTG. PLATE
100P0388,Proj_US,BRIGHT FLAT
100P0389,Proj_US,RIB - 2
100P0390,Proj_IN,RIB - 1
100P0391,Proj_IN,BASE PLATE
100P0392,Proj_IN,ANVIL 140 MM
100P0393,Proj_IN,VERTICAL RIB
100P0394,Proj_IN,SUPPORT PLATE
100P0395,Proj_IN,BOTTOM BACKLITE 140 MM ANVIL
100P0396,Proj_IN,SPACER BAKELITE
100P0397,Proj_IN,FRONT BAKELITE-BOTTOM
100P0398,Proj_IN,FRONT BAKELITE-TOP
100P0399,Proj_IN,CYL DIA. 32 X 30
100P0400,Proj_IN,CYL DIA. 100 X 50
100P0401,Proj_IN,EYE ROD
100P0402,Proj_IN,MOUNTING KIT MD 1032
100P0403,Proj_IN,CONNECTOR AR 016
100P0404,Proj_IN,CONNECTOR AR 010
100P0405,Proj_IN,FLOW CONTROL VALVE
100P0406,Proj_IN,DIRECTION CONTROL VALVE
100P0407,Proj_IN,PUSH IN FITTING
100P0408,Proj_IN,REGULATOR
100P0409,Proj_IN,T CONNECTOR
100P0410,Proj_IN,FLOW CONTROL VALVE
100P0411,Proj_IN,DIRECTION CONTROL VALVE
100P0412,Proj_IN,ELBOW
100P0413,Proj_IN,REGULATOR
100P0414,Proj_IN,FILTER
100P0415,Proj_IN,PRESSURE GUAGE
100P0416,Proj_IN,REGULATOR MTG BKT
100P0417,Proj_IN,SILENCER
100P0418,Proj_IN,SILENCER
100P0419,Proj_IN,READSWITCHES FOR 100
100P0420,Proj_IN,T 08-08-2008
100P0421,Proj_IN,LUBRICATOR
100P0422,Proj_US,"READ SWITCHES-3 WIRE P-N-P
100P0423,Proj_IN,MTG BKT FOR F&L
100P0424,Proj_IN,SHOCK ABSORBER
100P0425,Proj_US,CYL. MTG. PLATE
100P0426,Proj_US,PROFILE PLATE RHS
100P0427,Proj_US,PROFILE PLATE LHS
100P0428,Proj_US,BASE PLATE
100P0429,Proj_US,FRONT PLATE
100P0430,Proj_US,SLIDE MTG. PLATE
100P0431,Proj_US,MS ANGLE
100P0432,Proj_US,PT MTG. FLAT
100P0433,Proj_US,BODY FOR SLIDE ASSLY
100P0434,Proj_US,GUIDE
100P0435,Proj_US,RAMBOID-325.par
100P0436,Proj_US,GUIDE COVER
100P0437,Proj_US,ALLEN BOLT - M8 x 50 L
100P0438,Proj_US,WASHER M6
100P0439,Proj_US,Allen M6X12
100P0440,Proj_US,WASHER M10
100P0441,Proj_US,ALLEN M10X50
100P0442,Proj_US,ALLEN BOLT - M8 x 25 L
100P0443,Proj_US,DIESET - BOTTOM PLATE
100P0444,Proj_US,DIESET - PILLAR
100P0445,Proj_US,DIESET - SPRING GUIDE
100P0446,Proj_US,DIESET - STOPPER
100P0447,Proj_US,DIESET - FIBROFLEX
100P0448,Proj_US,DIESET TOP PLATE
100P0449,Proj_US,DIESET - BUSH
100P0450,Proj_US,DIESET - CAP
100P0451,Proj_US,DIESET - BELOW
100P0452,Proj_US,WASHER M10
100P0453,Proj_US,HEX BOLT M10X25
100P0454,Proj_US,INSULATING BUSH
100P0455,Proj_US,WASHER M8
100P0456,Proj_US,ALLEN M8X50
100P0457,Proj_US,ALLEN M8X30
100P0458,Proj_US,BALL CAGE DIA 31-25 X 40
100P0459,Proj_US,CIRCLIP - EXTERNAL
100P0460,Proj_US,DIESET - BACKELIT
100P0461,Proj_US,SENSOR DOG MNTG BKT
100P0462,Proj_US,WASHER M12
100P0463,Proj_US,SENSOR DOG MNTG
100P0464,Proj_US,HEX. NUT M12
100P0465,Proj_US,SENSOR DOG
100P0466,Proj_US,ALLEN GRUB SCREW M8X12
100P0467,Proj_US,WASHER M6
100P0468,Proj_US,ALLEN M5X35
100P0469,Proj_US,SENSOR BKT
100P0470,Proj_US,BASE PLATE
100P0471,Proj_US,CYL. MTG BRACKET
100P0472,Proj_US,BAKELITE-LM BLOCK
100P0473,Proj_US,MOVING ELECT MTG BLOCK
100P0474,Proj_US,BAKELITE-COUPLAR END
100P0475,Proj_US,COUPLER END
100P0476,Proj_US,INSULATING BUSH-M8
100P0477,Proj_US,KEY
100P0478,Proj_US,FIXED BOTTOM ELECT MTG
100P0479,Proj_US,INSULATING BUSH-M6
100P0480,Proj_US,SPACER
100P0481,Proj_US,BAKELITE-FIXED ELECTRODE
100P0482,Proj_US,FIXED ELECT MTG BLOCK
100P0483,Proj_US,STOPPER_BRACKET
100P0484,Proj_US,STOPPER LEAD SCREW
100P0485,Proj_US,SENSOR BKT
100P0486,Proj_IN,SENSOR STRIP
100P0487,Proj_US,BOTTOM ELECTRODE
100P0488,Proj_IN,BAND COND SUPPORT- LH
100P0489,Proj_IN,Base Plate Support-RH
100P0490,Proj_US,CU BLOCK
100P0491,Proj_US,JANATICS CYL. DIA 100 X 50
100P0492,Proj_US,JANATICS-ROD END  M16 X  1.5
100P0493,Proj_IN,HIWIN BLOCK-HG 30
100P0494,Proj_IN,HIWIN RAIL
100P0495,Proj_IN,ALLEN BOLT  M10x35
100P0496,Proj_IN,Countersunk Screw - M6x8
100P0497,Proj_IN,ALLEN BOLT  M8x35
100P0498,Proj_IN,ALLEN BOLT  M8x25
100P0499,Proj_IN,ALLEN BOLT M8x30
100P0500,Proj_IN,ALLEN BOLT M6x35
100P0501,Proj_IN,ALLEN BOLT M8x20
100P0502,Proj_IN,SHAFT
100P0503,Proj_IN,BLOCK
100P0504,Proj_IN,TEE BLOCK
100P0505,Proj_IN,BLOCK-1
100P0506,Proj_IN,VER PLATE-RHS
100P0507,Proj_IN,VER PLATE-LHS
100P0508,Proj_IN,HOR PLATE
100P0509,Proj_IN,TEE BLOCK MTG PLATE
100P0510,Proj_IN,LOCK NUT
100P0511,Proj_IN,PIVOT BRACKET
100P0512,Proj_IN,STOPPER BLOCK
100P0513,Proj_IN,INSULATION BUSH
100P0514,Proj_IN,BOX NUT
100P0515,Proj_IN,LEAD SCREW
100P0516,Proj_IN,CYL CONNECTOR
100P0517,Proj_IN,LOCK PIN
100P0518,Proj_IN,SWING COVER
100P0519,Proj_IN,BEARING CAP
100P0520,Proj_IN,STOPPER LEAD SCREW
100P0521,Proj_IN,LOCKING WASHER
100P0522,Proj_IN,LOCK NUT FOR LEAD SCREW
100P0523,Proj_IN,STOPPER LHS
100P0524,Proj_IN,STOPPER RHS
100P0525,Proj_IN,FK-M10x1.25 CONNECTOR ASSLY
100P0526,Proj_IN,EXTERNAL CIRCLIP A10 3075-1965
100P0527,Proj_IN,Connector A63 032 030 O-M
100P0528,Proj_IN,SHOCK ABSORBER
100P0529,Proj_IN,SILENCER 1/8
100P0530,Proj_IN,DCV 14 DS255SR61
100P0531,Proj_IN,FCV 1.8-8 GR5105008
100P0532,Proj_IN,HIWIN BLOCK-HG 30
100P0533,Proj_IN,HIWIN RAIL-HG 30
100P0534,Proj_IN,INSULATING BUSH M6
100P0535,Proj_IN,JANATICS CYL. DIA 32X 30 ASSLY
100P0536,Proj_IN,REGULATOR 1-4 R13614
100P0537,Proj_IN,REGULATOR MTG BKT-1.4
100P0538,Proj_IN,PUSH IN FITTING1/4-8
100P0539,Proj_IN,ELBOW 1/4-8
100P0540,Proj_IN,Washer ISO 7089 - 6
100P0541,Proj_IN,ALLEN BOLT M6x35
100P0542,Proj_IN,ALLEN BOLT - M6x12
100P0543,Proj_IN,ALLEN BOLT M6x25
100P0544,Proj_US,ALLEN BOLT M6x30
100P0545,Proj_US,ALLEN BOLT M8x20
100P0546,Proj_US,ALLEN BOLT M8x30
100P0547,Proj_US,ALLEN BOLT- M8x45
100P0548,Proj_US,ALLEN BOLT  M8x25
100P0549,Proj_US,ALLEN BOLT- M16x25
100P0550,Proj_US,ALLEN BOLT- M5x10
100P0551,Proj_US,ALLEN BOLT - M4x25
Item ID, Project ID, Item Name
100P0553,Proj_US,20-30 KVA 300-350 C FRAME HAWKINS
100P0554,Proj_US,CYL. MTG. PLATE
100P0555,Proj_US,PROFILE PLATE - RHS
100P0556,Proj_US,PROFILE PLATE - LHS
100P0557,Proj_US,FRONT PLATE
100P0558,Proj_US,SLIDE MTG. PLATE
100P0559,Proj_US,MS ANGLE
100P0560,Proj_US,P.T. MTG. ANGLE
100P0561,Proj_US,P.T. PLATE MTG. ANGLE
100P0562,Proj_US,P.T. MTG. PLATE
100P0563,Proj_US,BRIGHT FLAT
100P0564,Proj_US,RIB - 2
100P0565,Proj_IN,RIB - 1
100P0566,Proj_IN,BASE PLATE
100P0567,Proj_IN,ANVIL 140 MM
100P0568,Proj_IN,VERTICAL RIB
100P0569,Proj_IN,SUPPORT PLATE
100P0570,Proj_IN,BOTTOM BACKLITE 140 MM ANVIL
100P0571,Proj_IN,SPACER BAKELITE
100P0572,Proj_IN,FRONT BAKELITE-BOTTOM
100P0573,Proj_IN,FRONT BAKELITE-TOP
100P0574,Proj_IN,CYL DIA. 32 X 30
100P0575,Proj_IN,CYL DIA. 100 X 50
100P0576,Proj_IN,EYE ROD
100P0577,Proj_IN,MOUNTING KIT MD 1032
100P0578,Proj_IN,CONNECTOR AR 016
100P0579,Proj_IN,CONNECTOR AR 010
100P0580,Proj_IN,FLOW CONTROL VALVE
100P0581,Proj_IN,DIRECTION CONTROL VALVE
100P0582,Proj_IN,PUSH IN FITTING
100P0583,Proj_IN,REGULATOR
100P0584,Proj_IN,T CONNECTOR
100P0585,Proj_IN,FLOW CONTROL VALVE
100P0586,Proj_IN,DIRECTION CONTROL VALVE
100P0587,Proj_IN,ELBOW
100P0588,Proj_IN,REGULATOR
100P0589,Proj_IN,FILTER
100P0590,Proj_IN,PRESSURE GUAGE
100P0591,Proj_IN,REGULATOR MTG BKT
100P0592,Proj_IN,SILENCER
100P0593,Proj_IN,SILENCER
100P0594,Proj_IN,READSWITCHES FOR 100
100P0595,Proj_IN,T 08-08-2008
100P0596,Proj_IN,LUBRICATOR
100P0597,Proj_US,"READ SWITCHES-3 WIRE P-N-P
100P0598,Proj_IN,MTG BKT FOR F&L
100P0599,Proj_IN,SHOCK ABSORBER
100P0600,Proj_US,CYL. MTG. PLATE
100P0601,Proj_US,PROFILE PLATE RHS
100P0602,Proj_US,PROFILE PLATE LHS
100P0603,Proj_US,BASE PLATE
100P0604,Proj_US,FRONT PLATE
100P0605,Proj_US,SLIDE MTG. PLATE
100P0606,Proj_US,MS ANGLE
100P0607,Proj_US,PT MTG. FLAT
100P0608,Proj_US,BODY FOR SLIDE ASSLY
100P0609,Proj_US,GUIDE
100P0610,Proj_US,RAMBOID-325.par
100P0611,Proj_US,GUIDE COVER
100P0612,Proj_US,ALLEN BOLT - M8 x 50 L
100P0613,Proj_US,WASHER M6
100P0614,Proj_US,Allen M6X12
100P0615,Proj_US,WASHER M10
100P0616,Proj_US,ALLEN M10X50
100P0617,Proj_US,ALLEN BOLT - M8 x 25 L
100P0618,Proj_US,DIESET - BOTTOM PLATE
100P0619,Proj_US,DIESET - PILLAR
100P0620,Proj_US,DIESET - SPRING GUIDE
100P0621,Proj_US,DIESET - STOPPER
100P0622,Proj_US,DIESET - FIBROFLEX
100P0623,Proj_US,DIESET TOP PLATE
100P0624,Proj_US,DIESET - BUSH
100P0625,Proj_US,DIESET - CAP
100P0626,Proj_US,DIESET - BELOW
100P0627,Proj_US,WASHER M10
100P0628,Proj_US,HEX BOLT M10X25
100P0629,Proj_US,INSULATING BUSH
100P0630,Proj_US,WASHER M8
100P0631,Proj_US,ALLEN M8X50
100P0632,Proj_US,ALLEN M8X30
100P0633,Proj_US,BALL CAGE DIA 31-25 X 40
100P0634,Proj_US,CIRCLIP - EXTERNAL
100P0635,Proj_US,DIESET - BACKELIT
100P0636,Proj_US,SENSOR DOG MNTG BKT
100P0637,Proj_US,WASHER M12
100P0638,Proj_US,SENSOR DOG MNTG
100P0639,Proj_US,HEX. NUT M12
100P0640,Proj_US,SENSOR DOG
100P0641,Proj_US,ALLEN GRUB SCREW M8X12
100P0642,Proj_US,WASHER M6
100P0643,Proj_US,ALLEN M5X35
100P0644,Proj_US,SENSOR BKT
100P0645,Proj_US,BASE PLATE
100P0646,Proj_US,CYL. MTG BRACKET
100P0647,Proj_US,BAKELITE-LM BLOCK
100P0648,Proj_US,MOVING ELECT MTG BLOCK
100P0649,Proj_US,BAKELITE-COUPLAR END
100P0650,Proj_US,COUPLER END
100P0651,Proj_US,INSULATING BUSH-M8
100P0652,Proj_US,KEY
100P0653,Proj_US,FIXED BOTTOM ELECT MTG
100P0654,Proj_US,INSULATING BUSH-M6
100P0655,Proj_US,SPACER
100P0656,Proj_US,BAKELITE-FIXED ELECTRODE
100P0657,Proj_US,FIXED ELECT MTG BLOCK
100P0658,Proj_US,STOPPER_BRACKET
100P0659,Proj_US,STOPPER LEAD SCREW
100P0660,Proj_US,SENSOR BKT
100P0661,Proj_IN,SENSOR STRIP
100P0662,Proj_US,BOTTOM ELECTRODE
100P0663,Proj_IN,BAND COND SUPPORT- LH
100P0664,Proj_IN,Base Plate Support-RH
100P0665,Proj_US,CU BLOCK
100P0666,Proj_US,JANATICS CYL. DIA 100 X 50
100P0667,Proj_US,JANATICS-ROD END  M16 X  1.5
100P0668,Proj_IN,HIWIN BLOCK-HG 30
100P0669,Proj_IN,HIWIN RAIL
100P0670,Proj_IN,ALLEN BOLT  M10x35
100P0671,Proj_IN,Countersunk Screw - M6x8
100P0672,Proj_IN,ALLEN BOLT  M8x35
100P0673,Proj_IN,ALLEN BOLT  M8x25
100P0674,Proj_IN,ALLEN BOLT M8x30
100P0675,Proj_IN,ALLEN BOLT M6x35
100P0676,Proj_IN,ALLEN BOLT M8x20
100P0677,Proj_IN,SHAFT
100P0678,Proj_IN,BLOCK
100P0679,Proj_IN,TEE BLOCK
100P0680,Proj_IN,BLOCK-1
100P0681,Proj_IN,VER PLATE-RHS
100P0682,Proj_IN,VER PLATE-LHS
100P0683,Proj_IN,HOR PLATE
100P0684,Proj_IN,TEE BLOCK MTG PLATE
100P0685,Proj_IN,LOCK NUT
100P0686,Proj_IN,PIVOT BRACKET
100P0687,Proj_IN,STOPPER BLOCK
100P0688,Proj_IN,INSULATION BUSH
100P0689,Proj_IN,BOX NUT
100P0690,Proj_IN,LEAD SCREW
100P0691,Proj_IN,CYL CONNECTOR
100P0692,Proj_IN,LOCK PIN
100P0693,Proj_IN,SWING COVER
100P0694,Proj_IN,BEARING CAP
100P0695,Proj_IN,STOPPER LEAD SCREW
100P0696,Proj_IN,LOCKING WASHER
100P0697,Proj_IN,LOCK NUT FOR LEAD SCREW
100P0698,Proj_IN,STOPPER LHS
100P0699,Proj_IN,STOPPER RHS
100P0700,Proj_IN,FK-M10x1.25 CONNECTOR ASSLY
100P0701,Proj_IN,EXTERNAL CIRCLIP A10 3075-1965
100P0702,Proj_IN,Connector A63 032 030 O-M
100P0703,Proj_IN,SHOCK ABSORBER
100P0704,Proj_IN,SILENCER 1/8
100P0705,Proj_IN,DCV 14 DS255SR61
100P0706,Proj_IN,FCV 1.8-8 GR5105008
100P0707,Proj_IN,HIWIN BLOCK-HG 30
100P0708,Proj_IN,HIWIN RAIL-HG 30
100P0709,Proj_IN,INSULATING BUSH M6
100P0710,Proj_IN,JANATICS CYL. DIA 32X 30 ASSLY
100P0711,Proj_IN,REGULATOR 1-4 R13614
100P0712,Proj_IN,REGULATOR MTG BKT-1.4
100P0713,Proj_IN,PUSH IN FITTING1/4-8
100P0714,Proj_IN,ELBOW 1/4-8
100P0715,Proj_IN,Washer ISO 7089 - 6
100P0716,Proj_IN,ALLEN BOLT M6x35
100P0717,Proj_IN,ALLEN BOLT - M6x12
100P0718,Proj_IN,ALLEN BOLT M6x25
100P0719,Proj_US,ALLEN BOLT M6x30
100P0720,Proj_US,ALLEN BOLT M8x20
100P0721,Proj_US,ALLEN BOLT M8x30
100P0722,Proj_US,ALLEN BOLT- M8x45
100P0723,Proj_US,ALLEN BOLT  M8x25
100P0724,Proj_US,ALLEN BOLT- M16x25
100P0725,Proj_US,ALLEN BOLT- M5x10
100P0726,Proj_US,ALLEN BOLT - M4x25
Item ID, Project ID, Item Name
000023, ,20-30 KVA 300-350 C FRAME HAWKINS
000024, ,CYL. MTG. PLATE
000025, ,PROFILE PLATE - RHS
000026, ,PROFILE PLATE - LHS
000027, ,FRONT PLATE
000028, ,SLIDE MTG. PLATE
000029, ,MS ANGLE
000030, ,P.T. MTG. ANGLE
000031, ,P.T. PLATE MTG. ANGLE
000032, ,P.T. MTG. PLATE
000033, ,BRIGHT FLAT
000034, ,RIB - 2
000035, ,RIB - 1
000036, ,BASE PLATE
000037, ,ANVIL 140 MM
000038, ,VERTICAL RIB
000039, ,SUPPORT PLATE
000040, ,BOTTOM BACKLITE 140 MM ANVIL
000041, ,SPACER BAKELITE
000042, ,FRONT BAKELITE-BOTTOM
000043, ,FRONT BAKELITE-TOP
000044, ,CYL DIA. 32 X 30
000045, ,CYL DIA. 100 X 50
000046, ,EYE ROD
000047, ,MOUNTING KIT MD 1032
000048, ,CONNECTOR AR 016
000049, ,CONNECTOR AR 010
000050, ,FLOW CONTROL VALVE
000051, ,DIRECTION CONTROL VALVE
000052, ,PUSH IN FITTING
000053, ,REGULATOR
000054, ,T CONNECTOR
000055, ,FLOW CONTROL VALVE
000056, ,DIRECTION CONTROL VALVE
000057, ,ELBOW
000058, ,REGULATOR
000059, ,FILTER
000060, ,PRESSURE GUAGE
000061, ,REGULATOR MTG BKT
000062, ,SILENCER
000063, ,SILENCER
000064, ,READSWITCHES FOR 100
000065, ,T 08-08-2008
000066, ,LUBRICATOR
000067, ,"READ SWITCHES-3 WIRE P-N-P
000068, ,MTG BKT FOR F&L
000069, ,SHOCK ABSORBER
000070, ,CYL. MTG. PLATE
000071, ,PROFILE PLATE RHS
000072, ,PROFILE PLATE LHS
000073, ,BASE PLATE
000074, ,FRONT PLATE
000075, ,SLIDE MTG. PLATE
000076, ,MS ANGLE
000077, ,PT MTG. FLAT
000078, ,BODY FOR SLIDE ASSLY
000079, ,GUIDE
000080, ,RAMBOID-325.par
000081, ,GUIDE COVER
000082, ,ALLEN BOLT - M8 x 50 L
000083, ,WASHER M6
000084, ,Allen M6X12
000085, ,WASHER M10
000086, ,ALLEN M10X50
000087, ,ALLEN BOLT - M8 x 25 L
000088, ,DIESET - BOTTOM PLATE
000089, ,DIESET - PILLAR
000090, ,DIESET - SPRING GUIDE
000091, ,DIESET - STOPPER
000092, ,DIESET - FIBROFLEX
000093, ,DIESET TOP PLATE
000094, ,DIESET - BUSH
000095, ,DIESET - CAP
000096, ,DIESET - BELOW
000097, ,WASHER M10
000098, ,HEX BOLT M10X25
000099, ,INSULATING BUSH
000100, ,WASHER M8
000101, ,ALLEN M8X50
000102, ,ALLEN M8X30
000103, ,BALL CAGE DIA 31-25 X 40
000104, ,CIRCLIP - EXTERNAL
000105, ,DIESET - BACKELIT
000106, ,SENSOR DOG MNTG BKT
000107, ,WASHER M12
000108, ,SENSOR DOG MNTG
000109, ,HEX. NUT M12
000110, ,SENSOR DOG
000111, ,ALLEN GRUB SCREW M8X12
000112, ,WASHER M6
000113, ,ALLEN M5X35
000114, ,SENSOR BKT
000115, ,BASE PLATE
000116, ,CYL. MTG BRACKET
000117, ,BAKELITE-LM BLOCK
000118, ,MOVING ELECT MTG BLOCK
000119, ,BAKELITE-COUPLAR END
000120, ,COUPLER END
000121, ,INSULATING BUSH-M8
000122, ,KEY
000123, ,FIXED BOTTOM ELECT MTG
000124, ,INSULATING BUSH-M6
000125, ,SPACER
000126, ,BAKELITE-FIXED ELECTRODE
000127, ,FIXED ELECT MTG BLOCK
000128, ,STOPPER_BRACKET
000129, ,STOPPER LEAD SCREW
000130, ,SENSOR BKT
000131, ,SENSOR STRIP
000132, ,BOTTOM ELECTRODE
000133, ,BAND COND SUPPORT- LH
000134, ,Base Plate Support-RH
000135, ,CU BLOCK
000136, ,JANATICS CYL. DIA 100 X 50
000137, ,JANATICS-ROD END  M16 X  1.5
000138, ,HIWIN BLOCK-HG 30
000139, ,HIWIN RAIL
000140, ,ALLEN BOLT  M10x35
000141, ,Countersunk Screw - M6x8
000142, ,ALLEN BOLT  M8x35
000143, ,ALLEN BOLT  M8x25
000144, ,ALLEN BOLT M8x30
000145, ,ALLEN BOLT M6x35
000146, ,ALLEN BOLT M8x20
000147, ,SHAFT
000148, ,BLOCK
000149, ,TEE BLOCK
000150, ,BLOCK-1
000151, ,VER PLATE-RHS
000152, ,VER PLATE-LHS
000153, ,HOR PLATE
000154, ,TEE BLOCK MTG PLATE
000155, ,LOCK NUT
000156, ,PIVOT BRACKET
000157, ,STOPPER BLOCK
000158, ,INSULATION BUSH
000159, ,BOX NUT
000160, ,LEAD SCREW
000161, ,CYL CONNECTOR
000162, ,LOCK PIN
000163, ,SWING COVER
000164, ,BEARING CAP
000165, ,STOPPER LEAD SCREW
000166, ,LOCKING WASHER
000167, ,LOCK NUT FOR LEAD SCREW
000168, ,STOPPER LHS
000169, ,STOPPER RHS
000170, ,FK-M10x1.25 CONNECTOR ASSLY
000171, ,EXTERNAL CIRCLIP A10 3075-1965
000172, ,Connector A63 032 030 O-M
000173, ,SHOCK ABSORBER
000174, ,SILENCER 1/8
000175, ,DCV 14 DS255SR61
000176, ,FCV 1.8-8 GR5105008
000177, ,HIWIN BLOCK-HG 30
000178, ,HIWIN RAIL-HG 30
000179, ,INSULATING BUSH M6
000180, ,JANATICS CYL. DIA 32X 30 ASSLY
000181, ,REGULATOR 1-4 R13614
000182, ,REGULATOR MTG BKT-1.4
000183, ,PUSH IN FITTING1/4-8
000184, ,ELBOW 1/4-8
000185, ,Washer ISO 7089 - 6
000186, ,ALLEN BOLT M6x35
000187, ,ALLEN BOLT - M6x12
000188, ,ALLEN BOLT M6x25
000189, ,ALLEN BOLT M6x30
000190, ,ALLEN BOLT M8x20
000191, ,ALLEN BOLT M8x30
000192, ,ALLEN BOLT- M8x45
000193, ,ALLEN BOLT  M8x25
000194, ,ALLEN BOLT- M16x25
000195, ,ALLEN BOLT- M5x10
000196, ,ALLEN BOLT - M4x25
Item ID, Project ID, Item Name
100P0002, ,20-30 KVA 300-350 C FRAME HAWKINS
100P0003, ,CYL. MTG. PLATE
100P0004, ,PROFILE PLATE - RHS
100P0005, ,PROFILE PLATE - LHS
100P0006, ,FRONT PLATE
100P0007, ,SLIDE MTG. PLATE
100P0008, ,MS ANGLE
100P0009, ,P.T. MTG. ANGLE
100P0010, ,P.T. PLATE MTG. ANGLE
100P0011, ,P.T. MTG. PLATE
100P0012, ,BRIGHT FLAT
100P0013, ,RIB - 2
100P0014, ,RIB - 1
100P0015, ,BASE PLATE
100P0016, ,ANVIL 140 MM
100P0017, ,VERTICAL RIB
100P0018, ,SUPPORT PLATE
100P0019, ,BOTTOM BACKLITE 140 MM ANVIL
100P0020, ,SPACER BAKELITE
100P0021, ,FRONT BAKELITE-BOTTOM
100P0022, ,FRONT BAKELITE-TOP
100P0023, ,CYL DIA. 32 X 30
100P0024, ,CYL DIA. 100 X 50
100P0025, ,EYE ROD
100P0026, ,MOUNTING KIT MD 1032
100P0027, ,CONNECTOR AR 016
100P0028, ,CONNECTOR AR 010
100P0029, ,FLOW CONTROL VALVE
100P0030, ,DIRECTION CONTROL VALVE
100P0031, ,PUSH IN FITTING
100P0032, ,REGULATOR
100P0033, ,T CONNECTOR
100P0034, ,FLOW CONTROL VALVE
100P0035, ,DIRECTION CONTROL VALVE
100P0036, ,ELBOW
100P0037, ,REGULATOR
100P0038, ,FILTER
100P0039, ,PRESSURE GUAGE
100P0040, ,REGULATOR MTG BKT
100P0041, ,SILENCER
100P0042, ,SILENCER
100P0043, ,READSWITCHES FOR 100
100P0044, ,T 08-08-2008
100P0045, ,LUBRICATOR
100P0046, ,"READ SWITCHES-3 WIRE P-N-P
100P0047, ,MTG BKT FOR F&L
100P0048, ,SHOCK ABSORBER
100P0049, ,CYL. MTG. PLATE
100P0050, ,PROFILE PLATE RHS
100P0051, ,PROFILE PLATE LHS
100P0052, ,BASE PLATE
100P0053, ,FRONT PLATE
100P0054, ,SLIDE MTG. PLATE
100P0055, ,MS ANGLE
100P0056, ,PT MTG. FLAT
100P0057, ,BODY FOR SLIDE ASSLY
100P0058, ,GUIDE
100P0059, ,RAMBOID-325.par
100P0060, ,GUIDE COVER
100P0061, ,ALLEN BOLT - M8 x 50 L
100P0062, ,WASHER M6
100P0063, ,Allen M6X12
100P0064, ,WASHER M10
100P0065, ,ALLEN M10X50
100P0066, ,ALLEN BOLT - M8 x 25 L
100P0067, ,DIESET - BOTTOM PLATE
100P0068, ,DIESET - PILLAR
100P0069, ,DIESET - SPRING GUIDE
100P0070, ,DIESET - STOPPER
100P0071, ,DIESET - FIBROFLEX
100P0072, ,DIESET TOP PLATE
100P0073, ,DIESET - BUSH
100P0074, ,DIESET - CAP
100P0075, ,DIESET - BELOW
100P0076, ,WASHER M10
Item ID, Project ID, Item Name
Item ID, Project ID, Item Name
Item ID, Project ID, Item Name
Item ID, Project ID, Item Name
Item ID, Project ID, Item Name
Item ID, Project ID, Item Name
Item ID, Project ID, Item Name
Item ID, Project ID, Item Name
Item ID, Project ID, Item Name
Item ID, Project ID, Item Name
Item ID, Project ID, Item Name
Item ID, Project ID, Item Name
100A0002,BH-Industrial,20-30 KVA 300-350 C FRAME HAWKINS
100A0003,BH-Aerospace,CYL. MTG. PLATE
100A0004,BH-Aerospace,PROFILE PLATE - RHS
100A0005,BH-Aerospace,PROFILE PLATE - LHS
100A0006,BH-Aerospace,FRONT PLATE
100A0007,BH-Aerospace,SLIDE MTG. PLATE
100A0008,BH-Aerospace,MS ANGLE
100A0009,BH-Aerospace,P.T. MTG. ANGLE
100A0010,BH-Aerospace,P.T. PLATE MTG. ANGLE
100A0011,BH-Aerospace,P.T. MTG. PLATE
100A0012,BH-Aerospace,BRIGHT FLAT
100A0013,BH-Aerospace,RIB - 2
100A0014,BH-Aerospace,RIB - 1
100A0015,BH-Aerospace,BASE PLATE
100A0016,BH-Aerospace,ANVIL 140 MM
100A0017,BH-Aerospace,VERTICAL RIB
100A0018,BH-Aerospace,SUPPORT PLATE
100A0019,BH-Aerospace,BOTTOM BACKLITE 140 MM ANVIL
100A0020,BH-Aerospace,SPACER BAKELITE
100A0021,BH-Aerospace,FRONT BAKELITE-BOTTOM
100A0022,BH-Aerospace,FRONT BAKELITE-TOP
100A0023,BH-Aerospace,CYL DIA. 32 X 30
100A0024,BH-Aerospace,CYL DIA. 100 X 50
100A0025,BH-Aerospace,EYE ROD
100A0026,BH-Aerospace,MOUNTING KIT MD 1032
100A0027,BH-Aerospace,CONNECTOR AR 016
100A0028,BH-Aerospace,CONNECTOR AR 010
100A0029,BH-Aerospace,FLOW CONTROL VALVE
100A0030,BH-Aerospace,DIRECTION CONTROL VALVE
100A0031,BH-Aerospace,PUSH IN FITTING
100A0032,BH-Aerospace,REGULATOR
100A0033,BH-Aerospace,T CONNECTOR
100A0034,BH-Aerospace,FLOW CONTROL VALVE
100A0035,BH-Aerospace,DIRECTION CONTROL VALVE
100A0036,BH-Aerospace,ELBOW
100A0037,BH-Aerospace,REGULATOR
100A0038,BH-Aerospace,FILTER
100A0039,BH-Aerospace,PRESSURE GUAGE
100A0040,BH-Aerospace,REGULATOR MTG BKT
100A0041,BH-Aerospace,SILENCER
100A0042,BH-Aerospace,SILENCER
100A0043,BH-Aerospace,READSWITCHES FOR 100
100A0044,BH-Aerospace,T 08-08-2008
100A0045,BH-Aerospace,LUBRICATOR
100A0046,BH-Aerospace,"READ SWITCHES-3 WIRE P-N-P
100A0047,BH-Aerospace,MTG BKT FOR F&L
100A0048,BH-Aerospace,SHOCK ABSORBER
100A0049,BH-Aerospace,CYL. MTG. PLATE
100A0050,BH-Aerospace,PROFILE PLATE RHS
100A0051,BH-Aerospace,PROFILE PLATE LHS
100A0052,BH-Aerospace,BASE PLATE
100A0053,BH-Aerospace,FRONT PLATE
100A0054,BH-Aerospace,SLIDE MTG. PLATE
100A0055,BH-Aerospace,MS ANGLE
100A0056,BH-Aerospace,PT MTG. FLAT
100A0057,BH-Aerospace,BODY FOR SLIDE ASSLY
100A0058,BH-Aerospace,GUIDE
100A0059,BH-Aerospace,RAMBOID-325.par
100A0060,BH-Aerospace,GUIDE COVER
100A0061,BH-Aerospace,ALLEN BOLT - M8 x 50 L
100A0062,BH-Aerospace,WASHER M6
100A0063,BH-Aerospace,Allen M6X12
100A0064,BH-Aerospace,WASHER M10
100A0065,BH-Aerospace,ALLEN M10X50
100A0066,BH-Aerospace,ALLEN BOLT - M8 x 25 L
100A0067,BH-Aerospace,DIESET - BOTTOM PLATE
100A0068,BH-Aerospace,DIESET - PILLAR
100A0069,BH-Aerospace,DIESET - SPRING GUIDE
100A0070,BH-Aerospace,DIESET - STOPPER
100A0071,BH-Aerospace,DIESET - FIBROFLEX
100A0072,BH-Aerospace,DIESET TOP PLATE
100A0073,BH-Aerospace,DIESET - BUSH
100A0074,BH-Aerospace,DIESET - CAP
100A0075,BH-Aerospace,DIESET - BELOW
100A0076,BH-Aerospace,WASHER M10
100A0077,BH-Aerospace,HEX BOLT M10X25
100A0078,BH-Aerospace,INSULATING BUSH
100A0079,BH-Aerospace,WASHER M8
100A0080,BH-Aerospace,ALLEN M8X50
100A0081,BH-Aerospace,ALLEN M8X30
100A0082,BH-Aerospace,BALL CAGE DIA 31-25 X 40
100A0083,BH-Aerospace,CIRCLIP - EXTERNAL
100A0084,BH-Aerospace,DIESET - BACKELIT
100A0085,BH-Aerospace,SENSOR DOG MNTG BKT
100A0086,BH-Aerospace,WASHER M12
100A0087,BH-Aerospace,SENSOR DOG MNTG
100A0088,BH-Aerospace,HEX. NUT M12
100A0089,BH-Aerospace,SENSOR DOG
100A0090,BH-Aerospace,ALLEN GRUB SCREW M8X12
100A0091,BH-Subsea,WASHER M6
100A0092,BH-Aerospace,ALLEN M5X35
100A0093,BH-Subsea,SENSOR BKT
100A0094,BH-Subsea,BASE PLATE
100A0095,BH-Subsea,CYL. MTG BRACKET
100A0096,BH-Aerospace,BAKELITE-LM BLOCK
100A0097,BH-Aerospace,MOVING ELECT MTG BLOCK
100A0098,BH-Aerospace,BAKELITE-COUPLAR END
100A0099,BH-Subsea,COUPLER END
100A0100,BH-Aerospace,INSULATING BUSH-M8
100A0101,BH-Aerospace,KEY
100A0102,BH-Subsea,FIXED BOTTOM ELECT MTG
100A0103,BH-Aerospace,INSULATING BUSH-M6
100A0104,BH-Subsea,SPACER
100A0105,BH-Aerospace,BAKELITE-FIXED ELECTRODE
100A0106,BH-Aerospace,FIXED ELECT MTG BLOCK
100A0107,BH-Subsea,STOPPER_BRACKET
100A0108,BH-Aerospace,STOPPER LEAD SCREW
100A0109,BH-Subsea,SENSOR BKT
100A0110,BH-Subsea,SENSOR STRIP
100A0111,BH-Aerospace,BOTTOM ELECTRODE
100A0112,BH-Subsea,BAND COND SUPPORT- LH
100A0113,BH-Subsea,Base Plate Support-RH
100A0114,BH-Aerospace,CU BLOCK
100A0115,BH-Aerospace,JANATICS CYL. DIA 100 X 50
100A0116,BH-Aerospace,JANATICS-ROD END  M16 X  1.5
100A0117,BH-Aerospace,HIWIN BLOCK-HG 30
100A0118,BH-Aerospace,HIWIN RAIL
100A0119,BH-Aerospace,ALLEN BOLT  M10x35
100A0120,BH-Subsea,Countersunk Screw - M6x8
100A0121,BH-Aerospace,ALLEN BOLT  M8x35
100A0122,BH-Aerospace,ALLEN BOLT  M8x25
100A0123,BH-Aerospace,ALLEN BOLT M8x30
100A0124,BH-Aerospace,ALLEN BOLT M6x35
100A0125,BH-Aerospace,ALLEN BOLT M8x20
100A0126,BH-Aerospace,SHAFT
100A0127,BH-Aerospace,BLOCK
100A0128,BH-Subsea,TEE BLOCK
100A0129,BH-Aerospace,BLOCK-1
100A0130,BH-Subsea,VER PLATE-RHS
100A0131,BH-Subsea,VER PLATE-LHS
100A0132,BH-Subsea,HOR PLATE
100A0133,BH-Subsea,TEE BLOCK MTG PLATE
100A0134,BH-Subsea,LOCK NUT
100A0135,BH-Aerospace,PIVOT BRACKET
100A0136,BH-Aerospace,STOPPER BLOCK
100A0137,BH-Aerospace,INSULATION BUSH
100A0138,BH-Subsea,BOX NUT
100A0139,BH-Aerospace,LEAD SCREW
100A0140,BH-Industrial,CYL CONNECTOR
100A0141,BH-Aerospace,LOCK PIN
100A0142,BH-Industrial,SWING COVER
100A0143,BH-Industrial,BEARING CAP
100A0144,BH-Aerospace,STOPPER LEAD SCREW
100A0145,BH-Industrial,LOCKING WASHER
100A0146,BH-Industrial,LOCK NUT FOR LEAD SCREW
100A0147,BH-Industrial,STOPPER LHS
100A0148,BH-Industrial,STOPPER RHS
100A0149,BH-Aerospace,FK-M10x1.25 CONNECTOR ASSLY
100A0150,BH-Industrial,EXTERNAL CIRCLIP A10 3075-1965
100A0151,BH-Aerospace,Connector A63 032 030 O-M
100A0152,BH-Aerospace,SHOCK ABSORBER
100A0153,BH-Aerospace,SILENCER 1/8
100A0154,BH-Aerospace,DCV 14 DS255SR61
100A0155,BH-Aerospace,FCV 1.8-8 GR5105008
100A0156,BH-Aerospace,HIWIN BLOCK-HG 30
100A0157,BH-Aerospace,HIWIN RAIL-HG 30
100A0158,BH-Aerospace,INSULATING BUSH M6
100A0159,BH-Aerospace,JANATICS CYL. DIA 32X 30 ASSLY
100A0160,BH-Aerospace,REGULATOR 1-4 R13614
100A0161,BH-Aerospace,REGULATOR MTG BKT-1.4
100A0162,BH-Aerospace,PUSH IN FITTING1/4-8
100A0163,BH-Aerospace,ELBOW 1/4-8
100A0164,BH-Industrial,Washer ISO 7089 - 6
100A0165,BH-Aerospace,ALLEN BOLT M6x35
100A0166,BH-Aerospace,ALLEN BOLT - M6x12
100A0167,BH-Aerospace,ALLEN BOLT M6x25
100A0168,BH-Aerospace,ALLEN BOLT M6x30
100A0169,BH-Aerospace,ALLEN BOLT M8x20
100A0170,BH-Aerospace,ALLEN BOLT M8x30
100A0171,BH-Aerospace,ALLEN BOLT- M8x45
100A0172,BH-Aerospace,ALLEN BOLT  M8x25
100A0173,BH-Aerospace,ALLEN BOLT- M16x25
100A0174,BH-Aerospace,ALLEN BOLT- M5x10
100A0175,BH-Aerospace,ALLEN BOLT - M4x25
